{"cameraMode":{"drawMode":0,"name":"Shaded","section":"Shading Mode"},"sceneLighting":true,"audioPlay":false,"sceneViewState":{"showFog":false,"showMaterialUpdate":false,"showSkybox":false,"showFlares":false,"showImageEffects":false,"showParticleSystems":false},"in2DMode":false,"pivot":{"x":-9.299440383911133,"y":11.114458084106446,"z":-6.328487396240234},"rotation":{"x":0.006651788018643856,"y":0.9933642148971558,"z":-0.07043646275997162,"w":0.09067575633525849},"size":28.469764709472658,"orthographic":false}